male,female,age0,age1,age2
0.53068,0.46932,0.01,0.07,0.22
